year,state,party,candidate,classification
1952,Alabama,dem,Stevenson,Base Democratic
1952,Alaska,dem,Stevenson,NA
1952,Arizona,dem,Stevenson,Battleground
1952,Arkansas,dem,Stevenson,Base Democratic
1952,California,dem,Stevenson,Battleground
1952,Colorado,dem,Stevenson,Base Republican
1952,Connecticut,dem,Stevenson,Battleground
1952,D. C.,dem,Stevenson,NA
1952,Delaware,dem,Stevenson,Base Republican
1952,Florida,dem,Stevenson,Base Democratic
1952,Georgia,dem,Stevenson,Base Democratic
1952,Hawaii,dem,Stevenson,NA
1952,Idaho,dem,Stevenson,Base Republican
1952,Illinois,dem,Stevenson,Battleground
1952,Indiana,dem,Stevenson,Base Republican
1952,Iowa,dem,Stevenson,Base Republican
1952,Kansas,dem,Stevenson,Base Republican
1952,Kentucky,dem,Stevenson,Battleground
1952,Louisiana,dem,Stevenson,Base Democratic
1952,Maine,dem,Stevenson,Base Republican
1952,Maryland,dem,Stevenson,Base Republican
1952,Massachusetts,dem,Stevenson,Battleground
1952,Michigan,dem,Stevenson,Battleground
1952,Minnesota,dem,Stevenson,Battleground
1952,Mississippi,dem,Stevenson,Base Democratic
1952,Missouri,dem,Stevenson,Battleground
1952,Montana,dem,Stevenson,Battleground
1952,Nebraska,dem,Stevenson,Base Republican
1952,Nevada,dem,Stevenson,Battleground
1952,New Hampshire,dem,Stevenson,Base Republican
1952,New Jersey,dem,Stevenson,Battleground
1952,New Mexico,dem,Stevenson,Base Democratic
1952,New York,dem,Stevenson,Battleground
1952,North Carolina,dem,Stevenson,Base Democratic
1952,North Dakota,dem,Stevenson,Base Republican
1952,Ohio,dem,Stevenson,Battleground
1952,Oklahoma,dem,Stevenson,Base Democratic
1952,Oregon,dem,Stevenson,Base Republican
1952,Pennsylvania,dem,Stevenson,Battleground
1952,Rhode Island,dem,Stevenson,Base Democratic
1952,South Carolina,dem,Stevenson,Base Democratic
1952,South Dakota,dem,Stevenson,Base Republican
1952,Tennessee,dem,Stevenson,Base Democratic
1952,Texas,dem,Stevenson,Battleground
1952,Utah,dem,Stevenson,Battleground
1952,Vermont,dem,Stevenson,Base Republican
1952,Virginia,dem,Stevenson,Base Democratic
1952,Washington,dem,Stevenson,Battleground
1952,West Virginia,dem,Stevenson,Base Democratic
1952,Wisconsin,dem,Stevenson,Battleground
1952,Wyoming,dem,Stevenson,Battleground
1952,Alabama,rep,Eisenhower,Base Democratic
1952,Alaska,rep,Eisenhower,NA
1952,Arizona,rep,Eisenhower,Base Democratic
1952,Arkansas,rep,Eisenhower,Base Democratic
1952,California,rep,Eisenhower,Base Republican
1952,Colorado,rep,Eisenhower,Base Republican
1952,Connecticut,rep,Eisenhower,Battleground
1952,D. C.,rep,Eisenhower,NA
1952,Delaware,rep,Eisenhower,Battleground
1952,Florida,rep,Eisenhower,Base Democratic
1952,Georgia,rep,Eisenhower,Base Democratic
1952,Hawaii,rep,Eisenhower,NA
1952,Idaho,rep,Eisenhower,Base Republican
1952,Illinois,rep,Eisenhower,Base Republican
1952,Indiana,rep,Eisenhower,Battleground
1952,Iowa,rep,Eisenhower,Base Republican
1952,Kansas,rep,Eisenhower,Base Republican
1952,Kentucky,rep,Eisenhower,Battleground
1952,Louisiana,rep,Eisenhower,Base Democratic
1952,Maine,rep,Eisenhower,Base Republican
1952,Maryland,rep,Eisenhower,Battleground
1952,Massachusetts,rep,Eisenhower,Battleground
1952,Michigan,rep,Eisenhower,Battleground
1952,Minnesota,rep,Eisenhower,Battleground
1952,Mississippi,rep,Eisenhower,Base Democratic
1952,Missouri,rep,Eisenhower,Battleground
1952,Montana,rep,Eisenhower,Battleground
1952,Nebraska,rep,Eisenhower,Base Republican
1952,Nevada,rep,Eisenhower,Battleground
1952,New Hampshire,rep,Eisenhower,Base Republican
1952,New Jersey,rep,Eisenhower,Battleground
1952,New Mexico,rep,Eisenhower,Base Democratic
1952,New York,rep,Eisenhower,Battleground
1952,North Carolina,rep,Eisenhower,Base Democratic
1952,North Dakota,rep,Eisenhower,Base Republican
1952,Ohio,rep,Eisenhower,Battleground
1952,Oklahoma,rep,Eisenhower,Base Republican
1952,Oregon,rep,Eisenhower,Base Republican
1952,Pennsylvania,rep,Eisenhower,Battleground
1952,Rhode Island,rep,Eisenhower,Base Democratic
1952,South Carolina,rep,Eisenhower,Base Democratic
1952,South Dakota,rep,Eisenhower,Base Republican
1952,Tennessee,rep,Eisenhower,Base Democratic
1952,Texas,rep,Eisenhower,Base Democratic
1952,Utah,rep,Eisenhower,Battleground
1952,Vermont,rep,Eisenhower,Base Republican
1952,Virginia,rep,Eisenhower,Base Democratic
1952,Washington,rep,Eisenhower,Battleground
1952,West Virginia,rep,Eisenhower,Battleground
1952,Wisconsin,rep,Eisenhower,Battleground
1952,Wyoming,rep,Eisenhower,Battleground
1956,Alabama,dem,Stevenson,Base Democratic
1956,Alaska,dem,Stevenson,NA
1956,Arizona,dem,Stevenson,Battleground
1956,Arkansas,dem,Stevenson,Base Democratic
1956,California,dem,Stevenson,Battleground
1956,Colorado,dem,Stevenson,Base Republican
1956,Connecticut,dem,Stevenson,Battleground
1956,D. C.,dem,Stevenson,NA
1956,Delaware,dem,Stevenson,Battleground
1956,Florida,dem,Stevenson,Base Republican
1956,Georgia,dem,Stevenson,Base Democratic
1956,Hawaii,dem,Stevenson,NA
1956,Idaho,dem,Stevenson,Battleground
1956,Illinois,dem,Stevenson,Battleground
1956,Indiana,dem,Stevenson,Battleground
1956,Iowa,dem,Stevenson,Base Republican
1956,Kansas,dem,Stevenson,Base Republican
1956,Kentucky,dem,Stevenson,Battleground
1956,Louisiana,dem,Stevenson,Base Democratic
1956,Maine,dem,Stevenson,Base Republican
1956,Maryland,dem,Stevenson,Base Republican
1956,Massachusetts,dem,Stevenson,Battleground
1956,Michigan,dem,Stevenson,Battleground
1956,Minnesota,dem,Stevenson,Battleground
1956,Mississippi,dem,Stevenson,Base Democratic
1956,Missouri,dem,Stevenson,Base Democratic
1956,Montana,dem,Stevenson,Battleground
1956,Nebraska,dem,Stevenson,Base Republican
1956,Nevada,dem,Stevenson,Battleground
1956,New Hampshire,dem,Stevenson,Base Republican
1956,New Jersey,dem,Stevenson,Base Republican
1956,New Mexico,dem,Stevenson,Battleground
1956,New York,dem,Stevenson,Battleground
1956,North Carolina,dem,Stevenson,Base Democratic
1956,North Dakota,dem,Stevenson,Battleground
1956,Ohio,dem,Stevenson,Battleground
1956,Oklahoma,dem,Stevenson,Base Democratic
1956,Oregon,dem,Stevenson,Battleground
1956,Pennsylvania,dem,Stevenson,Battleground
1956,Rhode Island,dem,Stevenson,Base Democratic
1956,South Carolina,dem,Stevenson,Base Democratic
1956,South Dakota,dem,Stevenson,Base Republican
1956,Tennessee,dem,Stevenson,Base Democratic
1956,Texas,dem,Stevenson,Battleground
1956,Utah,dem,Stevenson,Battleground
1956,Vermont,dem,Stevenson,Base Republican
1956,Virginia,dem,Stevenson,Base Democratic
1956,Washington,dem,Stevenson,Battleground
1956,West Virginia,dem,Stevenson,Base Democratic
1956,Wisconsin,dem,Stevenson,Base Republican
1956,Wyoming,dem,Stevenson,Battleground
1956,Alabama,rep,Eisenhower,Base Democratic
1956,Alaska,rep,Eisenhower,NA
1956,Arizona,rep,Eisenhower,Base Republican
1956,Arkansas,rep,Eisenhower,Base Democratic
1956,California,rep,Eisenhower,Battleground
1956,Colorado,rep,Eisenhower,Base Republican
1956,Connecticut,rep,Eisenhower,Battleground
1956,D. C.,rep,Eisenhower,NA
1956,Delaware,rep,Eisenhower,Battleground
1956,Florida,rep,Eisenhower,Battleground
1956,Georgia,rep,Eisenhower,Base Democratic
1956,Hawaii,rep,Eisenhower,NA
1956,Idaho,rep,Eisenhower,Base Republican
1956,Illinois,rep,Eisenhower,Battleground
1956,Indiana,rep,Eisenhower,Base Republican
1956,Iowa,rep,Eisenhower,Base Republican
1956,Kansas,rep,Eisenhower,Base Republican
1956,Kentucky,rep,Eisenhower,Battleground
1956,Louisiana,rep,Eisenhower,Base Democratic
1956,Maine,rep,Eisenhower,Base Republican
1956,Maryland,rep,Eisenhower,Battleground
1956,Massachusetts,rep,Eisenhower,Battleground
1956,Michigan,rep,Eisenhower,Battleground
1956,Minnesota,rep,Eisenhower,Battleground
1956,Mississippi,rep,Eisenhower,Base Democratic
1956,Missouri,rep,Eisenhower,Battleground
1956,Montana,rep,Eisenhower,Base Republican
1956,Nebraska,rep,Eisenhower,Base Republican
1956,Nevada,rep,Eisenhower,Base Republican
1956,New Hampshire,rep,Eisenhower,Base Republican
1956,New Jersey,rep,Eisenhower,Battleground
1956,New Mexico,rep,Eisenhower,Battleground
1956,New York,rep,Eisenhower,Battleground
1956,North Carolina,rep,Eisenhower,Base Democratic
1956,North Dakota,rep,Eisenhower,Base Republican
1956,Ohio,rep,Eisenhower,Battleground
1956,Oklahoma,rep,Eisenhower,Battleground
1956,Oregon,rep,Eisenhower,Base Republican
1956,Pennsylvania,rep,Eisenhower,Battleground
1956,Rhode Island,rep,Eisenhower,Battleground
1956,South Carolina,rep,Eisenhower,Base Democratic
1956,South Dakota,rep,Eisenhower,Base Republican
1956,Tennessee,rep,Eisenhower,Battleground
1956,Texas,rep,Eisenhower,Battleground
1956,Utah,rep,Eisenhower,Base Republican
1956,Vermont,rep,Eisenhower,Base Republican
1956,Virginia,rep,Eisenhower,Battleground
1956,Washington,rep,Eisenhower,Battleground
1956,West Virginia,rep,Eisenhower,Base Democratic
1956,Wisconsin,rep,Eisenhower,Base Republican
1956,Wyoming,rep,Eisenhower,Base Republican
1960,Alabama,dem,Kennedy,Dixiecrat
1960,Alaska,dem,Kennedy,Base Republican
1960,Arizona,dem,Kennedy,Base Republican
1960,Arkansas,dem,Kennedy,Base Democratic
1960,California,dem,Kennedy,Battleground
1960,Colorado,dem,Kennedy,Battleground
1960,Connecticut,dem,Kennedy,Battleground
1960,D. C.,dem,Kennedy,NA
1960,Delaware,dem,Kennedy,Base Democratic
1960,Florida,dem,Kennedy,Base Republican
1960,Georgia,dem,Kennedy,Base Democratic
1960,Hawaii,dem,Kennedy,Base Democratic
1960,Idaho,dem,Kennedy,Base Republican
1960,Illinois,dem,Kennedy,Battleground
1960,Indiana,dem,Kennedy,Base Republican
1960,Iowa,dem,Kennedy,Battleground
1960,Kansas,dem,Kennedy,Battleground
1960,Kentucky,dem,Kennedy,Base Republican
1960,Louisiana,dem,Kennedy,Base Democratic
1960,Maine,dem,Kennedy,Base Republican
1960,Maryland,dem,Kennedy,Battleground
1960,Massachusetts,dem,Kennedy,Battleground
1960,Michigan,dem,Kennedy,Battleground
1960,Minnesota,dem,Kennedy,Battleground
1960,Mississippi,dem,Kennedy,Dixiecrat
1960,Missouri,dem,Kennedy,Battleground
1960,Montana,dem,Kennedy,Base Republican
1960,Nebraska,dem,Kennedy,Base Republican
1960,Nevada,dem,Kennedy,Base Republican
1960,New Hampshire,dem,Kennedy,Base Republican
1960,New Jersey,dem,Kennedy,Battleground
1960,New Mexico,dem,Kennedy,Base Republican
1960,New York,dem,Kennedy,Battleground
1960,North Carolina,dem,Kennedy,Base Democratic
1960,North Dakota,dem,Kennedy,Battleground
1960,Ohio,dem,Kennedy,Battleground
1960,Oklahoma,dem,Kennedy,Base Republican
1960,Oregon,dem,Kennedy,Base Republican
1960,Pennsylvania,dem,Kennedy,Battleground
1960,Rhode Island,dem,Kennedy,Base Democratic
1960,South Carolina,dem,Kennedy,Base Democratic
1960,South Dakota,dem,Kennedy,Battleground
1960,Tennessee,dem,Kennedy,Base Republican
1960,Texas,dem,Kennedy,Battleground
1960,Utah,dem,Kennedy,Base Republican
1960,Vermont,dem,Kennedy,Base Republican
1960,Virginia,dem,Kennedy,Base Republican
1960,Washington,dem,Kennedy,Battleground
1960,West Virginia,dem,Kennedy,Battleground
1960,Wisconsin,dem,Kennedy,Battleground
1960,Wyoming,dem,Kennedy,Base Republican
1960,Alabama,rep,Nixon,Dixiecrat
1960,Alaska,rep,Nixon,Base Republican
1960,Arizona,rep,Nixon,Base Republican
1960,Arkansas,rep,Nixon,Base Democratic
1960,California,rep,Nixon,Battleground
1960,Colorado,rep,Nixon,Battleground
1960,Connecticut,rep,Nixon,Base Republican
1960,D. C.,rep,Nixon,NA
1960,Delaware,rep,Nixon,Base Democratic
1960,Florida,rep,Nixon,Battleground
1960,Georgia,rep,Nixon,Base Democratic
1960,Hawaii,rep,Nixon,Base Democratic
1960,Idaho,rep,Nixon,Base Republican
1960,Illinois,rep,Nixon,Battleground
1960,Indiana,rep,Nixon,Base Republican
1960,Iowa,rep,Nixon,Battleground
1960,Kansas,rep,Nixon,Base Republican
1960,Kentucky,rep,Nixon,Base Republican
1960,Louisiana,rep,Nixon,Base Democratic
1960,Maine,rep,Nixon,Base Republican
1960,Maryland,rep,Nixon,Battleground
1960,Massachusetts,rep,Nixon,Base Democratic
1960,Michigan,rep,Nixon,Battleground
1960,Minnesota,rep,Nixon,Base Democratic
1960,Mississippi,rep,Nixon,Base Democratic
1960,Missouri,rep,Nixon,Base Democratic
1960,Montana,rep,Nixon,Base Republican
1960,Nebraska,rep,Nixon,Base Republican
1960,Nevada,rep,Nixon,Base Republican
1960,New Hampshire,rep,Nixon,Base Republican
1960,New Jersey,rep,Nixon,Battleground
1960,New Mexico,rep,Nixon,Base Republican
1960,New York,rep,Nixon,Battleground
1960,North Carolina,rep,Nixon,Base Democratic
1960,North Dakota,rep,Nixon,Base Republican
1960,Ohio,rep,Nixon,Battleground
1960,Oklahoma,rep,Nixon,Base Republican
1960,Oregon,rep,Nixon,Battleground
1960,Pennsylvania,rep,Nixon,Battleground
1960,Rhode Island,rep,Nixon,Base Democratic
1960,South Carolina,rep,Nixon,Base Democratic
1960,South Dakota,rep,Nixon,Base Republican
1960,Tennessee,rep,Nixon,Base Republican
1960,Texas,rep,Nixon,Battleground
1960,Utah,rep,Nixon,Base Republican
1960,Vermont,rep,Nixon,Base Republican
1960,Virginia,rep,Nixon,Battleground
1960,Washington,rep,Nixon,Battleground
1960,West Virginia,rep,Nixon,Base Democratic
1960,Wisconsin,rep,Nixon,Battleground
1960,Wyoming,rep,Nixon,Base Republican
1964,Alabama,dem,Johnson,Base Republican
1964,Alaska,dem,Johnson,Base Democratic
1964,Arizona,dem,Johnson,Base Republican
1964,Arkansas,dem,Johnson,Base Republican
1964,California,dem,Johnson,Battleground
1964,Colorado,dem,Johnson,Base Republican
1964,Connecticut,dem,Johnson,Base Democratic
1964,D. C.,dem,Johnson,Base Democratic
1964,Delaware,dem,Johnson,Base Democratic
1964,Florida,dem,Johnson,Battleground
1964,Georgia,dem,Johnson,Base Republican
1964,Hawaii,dem,Johnson,Base Democratic
1964,Idaho,dem,Johnson,Base Republican
1964,Illinois,dem,Johnson,Battleground
1964,Indiana,dem,Johnson,Battleground
1964,Iowa,dem,Johnson,Base Democratic
1964,Kansas,dem,Johnson,Base Republican
1964,Kentucky,dem,Johnson,Base Democratic
1964,Louisiana,dem,Johnson,Base Republican
1964,Maine,dem,Johnson,Base Democratic
1964,Maryland,dem,Johnson,Battleground
1964,Massachusetts,dem,Johnson,Battleground
1964,Michigan,dem,Johnson,Battleground
1964,Minnesota,dem,Johnson,Battleground
1964,Mississippi,dem,Johnson,Base Republican
1964,Missouri,dem,Johnson,Battleground
1964,Montana,dem,Johnson,Base Republican
1964,Nebraska,dem,Johnson,Base Republican
1964,Nevada,dem,Johnson,Base Democratic
1964,New Hampshire,dem,Johnson,Base Democratic
1964,New Jersey,dem,Johnson,Battleground
1964,New Mexico,dem,Johnson,Base Democratic
1964,New York,dem,Johnson,Battleground
1964,North Carolina,dem,Johnson,Base Republican
1964,North Dakota,dem,Johnson,Base Republican
1964,Ohio,dem,Johnson,Battleground
1964,Oklahoma,dem,Johnson,Base Republican
1964,Oregon,dem,Johnson,Base Democratic
1964,Pennsylvania,dem,Johnson,Battleground
1964,Rhode Island,dem,Johnson,Base Democratic
1964,South Carolina,dem,Johnson,Base Republican
1964,South Dakota,dem,Johnson,Base Republican
1964,Tennessee,dem,Johnson,Base Democratic
1964,Texas,dem,Johnson,Battleground
1964,Utah,dem,Johnson,Base Republican
1964,Vermont,dem,Johnson,Base Democratic
1964,Virginia,dem,Johnson,Base Republican
1964,Washington,dem,Johnson,Base Democratic
1964,West Virginia,dem,Johnson,Base Democratic
1964,Wisconsin,dem,Johnson,Battleground
1964,Wyoming,dem,Johnson,Base Republican
1964,Alabama,rep,Goldwater,Battleground
1964,Alaska,rep,Goldwater,Base Democratic
1964,Arizona,rep,Goldwater,Base Republican
1964,Arkansas,rep,Goldwater,Battleground
1964,California,rep,Goldwater,Battleground
1964,Colorado,rep,Goldwater,Base Republican
1964,Connecticut,rep,Goldwater,Battleground
1964,D. C.,rep,Goldwater,Base Democratic
1964,Delaware,rep,Goldwater,Base Democratic
1964,Florida,rep,Goldwater,Battleground
1964,Georgia,rep,Goldwater,Battleground
1964,Hawaii,rep,Goldwater,Base Democratic
1964,Idaho,rep,Goldwater,Base Republican
1964,Illinois,rep,Goldwater,Battleground
1964,Indiana,rep,Goldwater,Base Republican
1964,Iowa,rep,Goldwater,Base Democratic
1964,Kansas,rep,Goldwater,Base Republican
1964,Kentucky,rep,Goldwater,Base Republican
1964,Louisiana,rep,Goldwater,Battleground
1964,Maine,rep,Goldwater,Battleground
1964,Maryland,rep,Goldwater,Battleground
1964,Massachusetts,rep,Goldwater,Base Democratic
1964,Michigan,rep,Goldwater,Base Democratic
1964,Minnesota,rep,Goldwater,Base Democratic
1964,Mississippi,rep,Goldwater,Battleground
1964,Missouri,rep,Goldwater,Base Democratic
1964,Montana,rep,Goldwater,Base Republican
1964,Nebraska,rep,Goldwater,Base Republican
1964,Nevada,rep,Goldwater,Base Democratic
1964,New Hampshire,rep,Goldwater,Battleground
1964,New Jersey,rep,Goldwater,Battleground
1964,New Mexico,rep,Goldwater,Base Democratic
1964,New York,rep,Goldwater,Battleground
1964,North Carolina,rep,Goldwater,Battleground
1964,North Dakota,rep,Goldwater,Base Republican
1964,Ohio,rep,Goldwater,Battleground
1964,Oklahoma,rep,Goldwater,Base Republican
1964,Oregon,rep,Goldwater,Base Democratic
1964,Pennsylvania,rep,Goldwater,Battleground
1964,Rhode Island,rep,Goldwater,Base Democratic
1964,South Carolina,rep,Goldwater,Battleground
1964,South Dakota,rep,Goldwater,Base Republican
1964,Tennessee,rep,Goldwater,Battleground
1964,Texas,rep,Goldwater,Battleground
1964,Utah,rep,Goldwater,Base Republican
1964,Vermont,rep,Goldwater,Battleground
1964,Virginia,rep,Goldwater,Battleground
1964,Washington,rep,Goldwater,Base Democratic
1964,West Virginia,rep,Goldwater,Base Democratic
1964,Wisconsin,rep,Goldwater,Battleground
1964,Wyoming,rep,Goldwater,Base Republican
1968,Alabama,dem,Humphrey,Base Wallace
1968,Alaska,dem,Humphrey,Battleground
1968,Arizona,dem,Humphrey,Base Republican
1968,Arkansas,dem,Humphrey,Base Wallace
1968,California,dem,Humphrey,Battleground
1968,Colorado,dem,Humphrey,Battleground
1968,Connecticut,dem,Humphrey,Base Democratic
1968,D. C.,dem,Humphrey,Base Democratic
1968,Delaware,dem,Humphrey,Base Republican
1968,Florida,dem,Humphrey,Base Republican
1968,Georgia,dem,Humphrey,Base Wallace
1968,Hawaii,dem,Humphrey,Base Democratic
1968,Idaho,dem,Humphrey,Base Republican
1968,Illinois,dem,Humphrey,Battleground
1968,Indiana,dem,Humphrey,Base Republican
1968,Iowa,dem,Humphrey,Base Republican
1968,Kansas,dem,Humphrey,Base Republican
1968,Kentucky,dem,Humphrey,Base Republican
1968,Louisiana,dem,Humphrey,Base Wallace
1968,Maine,dem,Humphrey,Base Democratic
1968,Maryland,dem,Humphrey,Battleground
1968,Massachusetts,dem,Humphrey,Base Democratic
1968,Michigan,dem,Humphrey,Base Democratic
1968,Minnesota,dem,Humphrey,Base Democratic
1968,Mississippi,dem,Humphrey,Base Wallace
1968,Missouri,dem,Humphrey,Base Democratic
1968,Montana,dem,Humphrey,Base Republican
1968,Nebraska,dem,Humphrey,Base Republican
1968,Nevada,dem,Humphrey,Battleground
1968,New Hampshire,dem,Humphrey,Base Republican
1968,New Jersey,dem,Humphrey,Base Democratic
1968,New Mexico,dem,Humphrey,Battleground
1968,New York,dem,Humphrey,Base Democratic
1968,North Carolina,dem,Humphrey,Battleground
1968,North Dakota,dem,Humphrey,Base Republican
1968,Ohio,dem,Humphrey,Battleground
1968,Oklahoma,dem,Humphrey,Base Republican
1968,Oregon,dem,Humphrey,Battleground
1968,Pennsylvania,dem,Humphrey,Base Democratic
1968,Rhode Island,dem,Humphrey,Base Democratic
1968,South Carolina,dem,Humphrey,Battleground
1968,South Dakota,dem,Humphrey,Base Republican
1968,Tennessee,dem,Humphrey,Base Republican
1968,Texas,dem,Humphrey,Base Democratic
1968,Utah,dem,Humphrey,Base Republican
1968,Vermont,dem,Humphrey,Base Republican
1968,Virginia,dem,Humphrey,Base Republican
1968,Washington,dem,Humphrey,Battleground
1968,West Virginia,dem,Humphrey,Battleground
1968,Wisconsin,dem,Humphrey,Battleground
1968,Wyoming,dem,Humphrey,Base Republican
1968,Alabama,rep,Nixon,Base Wallace
1968,Alaska,rep,Nixon,Base Republican
1968,Arizona,rep,Nixon,Base Republican
1968,Arkansas,rep,Nixon,Base Wallace
1968,California,rep,Nixon,Battleground
1968,Colorado,rep,Nixon,Base Republican
1968,Connecticut,rep,Nixon,Base Democratic
1968,D. C.,rep,Nixon,Base Democratic
1968,Delaware,rep,Nixon,Base Democratic
1968,Florida,rep,Nixon,Battleground
1968,Georgia,rep,Nixon,Base Wallace
1968,Hawaii,rep,Nixon,Base Democratic
1968,Idaho,rep,Nixon,Base Republican
1968,Illinois,rep,Nixon,Battleground
1968,Indiana,rep,Nixon,Base Republican
1968,Iowa,rep,Nixon,Base Republican
1968,Kansas,rep,Nixon,Base Republican
1968,Kentucky,rep,Nixon,Base Republican
1968,Louisiana,rep,Nixon,Base Wallace
1968,Maine,rep,Nixon,Base Democratic
1968,Maryland,rep,Nixon,Base Democratic
1968,Massachusetts,rep,Nixon,Base Democratic
1968,Michigan,rep,Nixon,Battleground
1968,Minnesota,rep,Nixon,Base Democratic
1968,Mississippi,rep,Nixon,Base Wallace
1968,Missouri,rep,Nixon,Battleground
1968,Montana,rep,Nixon,Base Republican
1968,Nebraska,rep,Nixon,Base Republican
1968,Nevada,rep,Nixon,Base Republican
1968,New Hampshire,rep,Nixon,Base Republican
1968,New Jersey,rep,Nixon,Battleground
1968,New Mexico,rep,Nixon,Base Republican
1968,New York,rep,Nixon,Battleground
1968,North Carolina,rep,Nixon,Battleground
1968,North Dakota,rep,Nixon,Base Republican
1968,Ohio,rep,Nixon,Battleground
1968,Oklahoma,rep,Nixon,Base Republican
1968,Oregon,rep,Nixon,Base Republican
1968,Pennsylvania,rep,Nixon,Battleground
1968,Rhode Island,rep,Nixon,Base Democratic
1968,South Carolina,rep,Nixon,Battleground
1968,South Dakota,rep,Nixon,Base Republican
1968,Tennessee,rep,Nixon,Base Democratic
1968,Texas,rep,Nixon,Battleground
1968,Utah,rep,Nixon,Base Republican
1968,Vermont,rep,Nixon,Base Republican
1968,Virginia,rep,Nixon,Battleground
1968,Washington,rep,Nixon,Base Republican
1968,West Virginia,rep,Nixon,Base Democratic
1968,Wisconsin,rep,Nixon,Battleground
1968,Wyoming,rep,Nixon,Base Republican
1972,Alabama,dem,McGovern,Base Republican
1972,Alaska,dem,McGovern,Battleground
1972,Arizona,dem,McGovern,Base Republican
1972,Arkansas,dem,McGovern,Base Republican
1972,California,dem,McGovern,Battleground
1972,Colorado,dem,McGovern,Base Republican
1972,Connecticut,dem,McGovern,Battleground
1972,D. C.,dem,McGovern,Base Democratic
1972,Delaware,dem,McGovern,Battleground
1972,Florida,dem,McGovern,Base Republican
1972,Georgia,dem,McGovern,Base Republican
1972,Hawaii,dem,McGovern,Base Democratic
1972,Idaho,dem,McGovern,Base Republican
1972,Illinois,dem,McGovern,Battleground
1972,Indiana,dem,McGovern,Base Republican
1972,Iowa,dem,McGovern,Battleground
1972,Kansas,dem,McGovern,Base Republican
1972,Kentucky,dem,McGovern,Base Republican
1972,Louisiana,dem,McGovern,Base Republican
1972,Maine,dem,McGovern,Base Republican
1972,Maryland,dem,McGovern,Battleground
1972,Massachusetts,dem,McGovern,Base Democratic
1972,Michigan,dem,McGovern,Battleground
1972,Minnesota,dem,McGovern,Base Democratic
1972,Mississippi,dem,McGovern,Base Republican
1972,Missouri,dem,McGovern,Base Republican
1972,Montana,dem,McGovern,Base Republican
1972,Nebraska,dem,McGovern,Base Republican
1972,Nevada,dem,McGovern,Base Republican
1972,New Hampshire,dem,McGovern,Base Republican
1972,New Jersey,dem,McGovern,Battleground
1972,New Mexico,dem,McGovern,Base Republican
1972,New York,dem,McGovern,Battleground
1972,North Carolina,dem,McGovern,Base Republican
1972,North Dakota,dem,McGovern,Base Republican
1972,Ohio,dem,McGovern,Battleground
1972,Oklahoma,dem,McGovern,Base Republican
1972,Oregon,dem,McGovern,Battleground
1972,Pennsylvania,dem,McGovern,Battleground
1972,Rhode Island,dem,McGovern,Base Democratic
1972,South Carolina,dem,McGovern,Base Republican
1972,South Dakota,dem,McGovern,Base Democratic
1972,Tennessee,dem,McGovern,Base Republican
1972,Texas,dem,McGovern,Battleground
1972,Utah,dem,McGovern,Base Republican
1972,Vermont,dem,McGovern,Base Republican
1972,Virginia,dem,McGovern,Base Republican
1972,Washington,dem,McGovern,Battleground
1972,West Virginia,dem,McGovern,Base Democratic
1972,Wisconsin,dem,McGovern,Battleground
1972,Wyoming,dem,McGovern,Base Republican
1972,Alabama,rep,Nixon,Battleground
1972,Alaska,rep,Nixon,Battleground
1972,Arizona,rep,Nixon,Base Republican
1972,Arkansas,rep,Nixon,Battleground
1972,California,rep,Nixon,Battleground
1972,Colorado,rep,Nixon,Base Republican
1972,Connecticut,rep,Nixon,Battleground
1972,D. C.,rep,Nixon,Base Democratic
1972,Delaware,rep,Nixon,Battleground
1972,Florida,rep,Nixon,Base Republican
1972,Georgia,rep,Nixon,Battleground
1972,Hawaii,rep,Nixon,Base Democratic
1972,Idaho,rep,Nixon,Base Republican
1972,Illinois,rep,Nixon,Battleground
1972,Indiana,rep,Nixon,Base Republican
1972,Iowa,rep,Nixon,Base Republican
1972,Kansas,rep,Nixon,Base Republican
1972,Kentucky,rep,Nixon,Base Republican
1972,Louisiana,rep,Nixon,Battleground
1972,Maine,rep,Nixon,Base Republican
1972,Maryland,rep,Nixon,Battleground
1972,Massachusetts,rep,Nixon,Base Democratic
1972,Michigan,rep,Nixon,Battleground
1972,Minnesota,rep,Nixon,Base Democratic
1972,Mississippi,rep,Nixon,Battleground
1972,Missouri,rep,Nixon,Battleground
1972,Montana,rep,Nixon,Base Republican
1972,Nebraska,rep,Nixon,Base Republican
1972,Nevada,rep,Nixon,Base Republican
1972,New Hampshire,rep,Nixon,Base Republican
1972,New Jersey,rep,Nixon,Battleground
1972,New Mexico,rep,Nixon,Base Republican
1972,New York,rep,Nixon,Battleground
1972,North Carolina,rep,Nixon,Base Republican
1972,North Dakota,rep,Nixon,Base Republican
1972,Ohio,rep,Nixon,Battleground
1972,Oklahoma,rep,Nixon,Base Republican
1972,Oregon,rep,Nixon,Battleground
1972,Pennsylvania,rep,Nixon,Battleground
1972,Rhode Island,rep,Nixon,Base Democratic
1972,South Carolina,rep,Nixon,Base Republican
1972,South Dakota,rep,Nixon,Base Republican
1972,Tennessee,rep,Nixon,Base Republican
1972,Texas,rep,Nixon,Battleground
1972,Utah,rep,Nixon,Base Republican
1972,Vermont,rep,Nixon,Base Republican
1972,Virginia,rep,Nixon,Base Republican
1972,Washington,rep,Nixon,Battleground
1972,West Virginia,rep,Nixon,Battleground
1972,Wisconsin,rep,Nixon,Battleground
1972,Wyoming,rep,Nixon,Base Republican
1976,Alabama,dem,Carter,Base Democratic
1976,Alaska,dem,Carter,Base Republican
1976,Arizona,dem,Carter,Base Republican
1976,Arkansas,dem,Carter,Base Democratic
1976,California,dem,Carter,Battleground
1976,Colorado,dem,Carter,Base Republican
1976,Connecticut,dem,Carter,Battleground
1976,D. C.,dem,Carter,Base Democratic
1976,Delaware,dem,Carter,Battleground
1976,Florida,dem,Carter,Base Democratic
1976,Georgia,dem,Carter,Base Democratic
1976,Hawaii,dem,Carter,Base Democratic
1976,Idaho,dem,Carter,Base Republican
1976,Illinois,dem,Carter,Battleground
1976,Indiana,dem,Carter,Battleground
1976,Iowa,dem,Carter,Battleground
1976,Kansas,dem,Carter,Base Republican
1976,Kentucky,dem,Carter,Base Democratic
1976,Louisiana,dem,Carter,Base Democratic
1976,Maine,dem,Carter,Base Republican
1976,Maryland,dem,Carter,Base Democratic
1976,Massachusetts,dem,Carter,Base Democratic
1976,Michigan,dem,Carter,Battleground
1976,Minnesota,dem,Carter,Base Democratic
1976,Mississippi,dem,Carter,Base Democratic
1976,Missouri,dem,Carter,Base Democratic
1976,Montana,dem,Carter,Battleground
1976,Nebraska,dem,Carter,Base Republican
1976,Nevada,dem,Carter,Battleground
1976,New Hampshire,dem,Carter,Base Republican
1976,New Jersey,dem,Carter,Battleground
1976,New Mexico,dem,Carter,Base Republican
1976,New York,dem,Carter,Battleground
1976,North Carolina,dem,Carter,Base Democratic
1976,North Dakota,dem,Carter,Base Republican
1976,Ohio,dem,Carter,Battleground
1976,Oklahoma,dem,Carter,Base Republican
1976,Oregon,dem,Carter,Battleground
1976,Pennsylvania,dem,Carter,Battleground
1976,Rhode Island,dem,Carter,Base Democratic
1976,South Carolina,dem,Carter,Base Democratic
1976,South Dakota,dem,Carter,Battleground
1976,Tennessee,dem,Carter,Base Democratic
1976,Texas,dem,Carter,Base Democratic
1976,Utah,dem,Carter,Base Republican
1976,Vermont,dem,Carter,Base Republican
1976,Virginia,dem,Carter,Base Democratic
1976,Washington,dem,Carter,Base Republican
1976,West Virginia,dem,Carter,Base Democratic
1976,Wisconsin,dem,Carter,Base Democratic
1976,Wyoming,dem,Carter,Base Republican
1976,Alabama,rep,Ford,Base Democratic
1976,Alaska,rep,Ford,Battleground
1976,Arizona,rep,Ford,Base Republican
1976,Arkansas,rep,Ford,Base Democratic
1976,California,rep,Ford,Battleground
1976,Colorado,rep,Ford,Base Republican
1976,Connecticut,rep,Ford,Battleground
1976,D. C.,rep,Ford,Base Democratic
1976,Delaware,rep,Ford,Battleground
1976,Florida,rep,Ford,Battleground
1976,Georgia,rep,Ford,Base Democratic
1976,Hawaii,rep,Ford,Base Democratic
1976,Idaho,rep,Ford,Base Republican
1976,Illinois,rep,Ford,Battleground
1976,Indiana,rep,Ford,Base Republican
1976,Iowa,rep,Ford,Base Republican
1976,Kansas,rep,Ford,Base Republican
1976,Kentucky,rep,Ford,Battleground
1976,Louisiana,rep,Ford,Base Democratic
1976,Maine,rep,Ford,Base Republican
1976,Maryland,rep,Ford,Battleground
1976,Massachusetts,rep,Ford,Base Democratic
1976,Michigan,rep,Ford,Battleground
1976,Minnesota,rep,Ford,Base Democratic
1976,Mississippi,rep,Ford,Base Democratic
1976,Missouri,rep,Ford,Battleground
1976,Montana,rep,Ford,Battleground
1976,Nebraska,rep,Ford,Base Republican
1976,Nevada,rep,Ford,Battleground
1976,New Hampshire,rep,Ford,Base Republican
1976,New Jersey,rep,Ford,Battleground
1976,New Mexico,rep,Ford,Battleground
1976,New York,rep,Ford,Battleground
1976,North Carolina,rep,Ford,Battleground
1976,North Dakota,rep,Ford,Base Republican
1976,Ohio,rep,Ford,Battleground
1976,Oklahoma,rep,Ford,Base Republican
1976,Oregon,rep,Ford,Battleground
1976,Pennsylvania,rep,Ford,Battleground
1976,Rhode Island,rep,Ford,Base Democratic
1976,South Carolina,rep,Ford,Base Democratic
1976,South Dakota,rep,Ford,Base Republican
1976,Tennessee,rep,Ford,Battleground
1976,Texas,rep,Ford,Battleground
1976,Utah,rep,Ford,Base Republican
1976,Vermont,rep,Ford,Base Republican
1976,Virginia,rep,Ford,Battleground
1976,Washington,rep,Ford,Battleground
1976,West Virginia,rep,Ford,Battleground
1976,Wisconsin,rep,Ford,Battleground
1976,Wyoming,rep,Ford,Base Republican
1980,Alabama,dem,Carter,Base Democratic
1980,Alaska,dem,Carter,Base Republican
1980,Arizona,dem,Carter,Base Republican
1980,Arkansas,dem,Carter,Base Democratic
1980,California,dem,Carter,Battleground
1980,Colorado,dem,Carter,Battleground
1980,Connecticut,dem,Carter,Battleground
1980,D. C.,dem,Carter,Base Democratic
1980,Delaware,dem,Carter,Battleground
1980,Florida,dem,Carter,Battleground
1980,Georgia,dem,Carter,Base Democratic
1980,Hawaii,dem,Carter,Base Democratic
1980,Idaho,dem,Carter,Base Republican
1980,Illinois,dem,Carter,Battleground
1980,Indiana,dem,Carter,Battleground
1980,Iowa,dem,Carter,Battleground
1980,Kansas,dem,Carter,Base Republican
1980,Kentucky,dem,Carter,Base Democratic
1980,Louisiana,dem,Carter,Battleground
1980,Maine,dem,Carter,Battleground
1980,Maryland,dem,Carter,Base Democratic
1980,Massachusetts,dem,Carter,Base Democratic
1980,Michigan,dem,Carter,Battleground
1980,Minnesota,dem,Carter,Base Democratic
1980,Mississippi,dem,Carter,Battleground
1980,Missouri,dem,Carter,Battleground
1980,Montana,dem,Carter,Battleground
1980,Nebraska,dem,Carter,Base Republican
1980,Nevada,dem,Carter,Battleground
1980,New Hampshire,dem,Carter,Battleground
1980,New Jersey,dem,Carter,Battleground
1980,New Mexico,dem,Carter,Battleground
1980,New York,dem,Carter,Battleground
1980,North Carolina,dem,Carter,Base Democratic
1980,North Dakota,dem,Carter,Base Republican
1980,Ohio,dem,Carter,Battleground
1980,Oklahoma,dem,Carter,Battleground
1980,Oregon,dem,Carter,Battleground
1980,Pennsylvania,dem,Carter,Battleground
1980,Rhode Island,dem,Carter,Base Democratic
1980,South Carolina,dem,Carter,Base Democratic
1980,South Dakota,dem,Carter,Battleground
1980,Tennessee,dem,Carter,Base Democratic
1980,Texas,dem,Carter,Battleground
1980,Utah,dem,Carter,Base Republican
1980,Vermont,dem,Carter,Battleground
1980,Virginia,dem,Carter,Battleground
1980,Washington,dem,Carter,Battleground
1980,West Virginia,dem,Carter,Base Democratic
1980,Wisconsin,dem,Carter,Battleground
1980,Wyoming,dem,Carter,Base Republican
1980,Alabama,rep,Reagan,Base Democratic
1980,Alaska,rep,Reagan,Base Republican
1980,Arizona,rep,Reagan,Base Republican
1980,Arkansas,rep,Reagan,Base Democratic
1980,California,rep,Reagan,Battleground
1980,Colorado,rep,Reagan,Battleground
1980,Connecticut,rep,Reagan,Base Democratic
1980,D. C.,rep,Reagan,Base Democratic
1980,Delaware,rep,Reagan,Base Democratic
1980,Florida,rep,Reagan,Battleground
1980,Georgia,rep,Reagan,Base Democratic
1980,Hawaii,rep,Reagan,Base Democratic
1980,Idaho,rep,Reagan,Base Republican
1980,Illinois,rep,Reagan,Battleground
1980,Indiana,rep,Reagan,Base Republican
1980,Iowa,rep,Reagan,Base Republican
1980,Kansas,rep,Reagan,Base Republican
1980,Kentucky,rep,Reagan,Base Democratic
1980,Louisiana,rep,Reagan,Base Democratic
1980,Maine,rep,Reagan,Battleground
1980,Maryland,rep,Reagan,Battleground
1980,Massachusetts,rep,Reagan,Base Democratic
1980,Michigan,rep,Reagan,Battleground
1980,Minnesota,rep,Reagan,Base Democratic
1980,Mississippi,rep,Reagan,Base Democratic
1980,Missouri,rep,Reagan,Battleground
1980,Montana,rep,Reagan,Base Republican
1980,Nebraska,rep,Reagan,Base Republican
1980,Nevada,rep,Reagan,Base Republican
1980,New Hampshire,rep,Reagan,Base Republican
1980,New Jersey,rep,Reagan,Battleground
1980,New Mexico,rep,Reagan,Base Republican
1980,New York,rep,Reagan,Battleground
1980,North Carolina,rep,Reagan,Base Democratic
1980,North Dakota,rep,Reagan,Base Republican
1980,Ohio,rep,Reagan,Battleground
1980,Oklahoma,rep,Reagan,Base Democratic
1980,Oregon,rep,Reagan,Base Republican
1980,Pennsylvania,rep,Reagan,Battleground
1980,Rhode Island,rep,Reagan,Base Democratic
1980,South Carolina,rep,Reagan,Base Democratic
1980,South Dakota,rep,Reagan,Base Republican
1980,Tennessee,rep,Reagan,Battleground
1980,Texas,rep,Reagan,Battleground
1980,Utah,rep,Reagan,Base Republican
1980,Vermont,rep,Reagan,Base Republican
1980,Virginia,rep,Reagan,Battleground
1980,Washington,rep,Reagan,Battleground
1980,West Virginia,rep,Reagan,Base Democratic
1980,Wisconsin,rep,Reagan,Battleground
1980,Wyoming,rep,Reagan,Base Republican
1984,Alabama,dem,Mondale,Battleground
1984,Alaska,dem,Mondale,Base Republican
1984,Arizona,dem,Mondale,Base Republican
1984,Arkansas,dem,Mondale,Battleground
1984,California,dem,Mondale,Battleground
1984,Colorado,dem,Mondale,Base Republican
1984,Connecticut,dem,Mondale,Battleground
1984,D. C.,dem,Mondale,Base Democratic
1984,Delaware,dem,Mondale,Base Republican
1984,Florida,dem,Mondale,Base Republican
1984,Georgia,dem,Mondale,Battleground
1984,Hawaii,dem,Mondale,Base Democratic
1984,Idaho,dem,Mondale,Base Republican
1984,Illinois,dem,Mondale,Battleground
1984,Indiana,dem,Mondale,Base Republican
1984,Iowa,dem,Mondale,Battleground
1984,Kansas,dem,Mondale,Base Republican
1984,Kentucky,dem,Mondale,Battleground
1984,Louisiana,dem,Mondale,Base Republican
1984,Maine,dem,Mondale,Battleground
1984,Maryland,dem,Mondale,Base Democratic
1984,Massachusetts,dem,Mondale,Base Republican
1984,Michigan,dem,Mondale,Battleground
1984,Minnesota,dem,Mondale,Base Democratic
1984,Mississippi,dem,Mondale,Battleground
1984,Missouri,dem,Mondale,Battleground
1984,Montana,dem,Mondale,Base Republican
1984,Nebraska,dem,Mondale,Base Republican
1984,Nevada,dem,Mondale,Base Republican
1984,New Hampshire,dem,Mondale,Base Republican
1984,New Jersey,dem,Mondale,Battleground
1984,New Mexico,dem,Mondale,Battleground
1984,New York,dem,Mondale,Battleground
1984,North Carolina,dem,Mondale,Battleground
1984,North Dakota,dem,Mondale,Base Republican
1984,Ohio,dem,Mondale,Battleground
1984,Oklahoma,dem,Mondale,Base Republican
1984,Oregon,dem,Mondale,Battleground
1984,Pennsylvania,dem,Mondale,Battleground
1984,Rhode Island,dem,Mondale,Base Democratic
1984,South Carolina,dem,Mondale,Base Republican
1984,South Dakota,dem,Mondale,Base Republican
1984,Tennessee,dem,Mondale,Battleground
1984,Texas,dem,Mondale,Battleground
1984,Utah,dem,Mondale,Base Republican
1984,Vermont,dem,Mondale,Base Republican
1984,Virginia,dem,Mondale,Base Republican
1984,Washington,dem,Mondale,Battleground
1984,West Virginia,dem,Mondale,Base Democratic
1984,Wisconsin,dem,Mondale,Battleground
1984,Wyoming,dem,Mondale,Base Republican
1984,Alabama,rep,Reagan,Base Republican
1984,Alaska,rep,Reagan,Base Republican
1984,Arizona,rep,Reagan,Base Republican
1984,Arkansas,rep,Reagan,Base Republican
1984,California,rep,Reagan,Base Republican
1984,Colorado,rep,Reagan,Base Republican
1984,Connecticut,rep,Reagan,Battleground
1984,D. C.,rep,Reagan,Base Democratic
1984,Delaware,rep,Reagan,Base Democratic
1984,Florida,rep,Reagan,Base Republican
1984,Georgia,rep,Reagan,Base Republican
1984,Hawaii,rep,Reagan,Base Republican
1984,Idaho,rep,Reagan,Base Republican
1984,Illinois,rep,Reagan,Battleground
1984,Indiana,rep,Reagan,Base Republican
1984,Iowa,rep,Reagan,Battleground
1984,Kansas,rep,Reagan,Base Republican
1984,Kentucky,rep,Reagan,Base Republican
1984,Louisiana,rep,Reagan,Base Republican
1984,Maine,rep,Reagan,Battleground
1984,Maryland,rep,Reagan,Base Democratic
1984,Massachusetts,rep,Reagan,Base Democratic
1984,Michigan,rep,Reagan,Battleground
1984,Minnesota,rep,Reagan,Base Democratic
1984,Mississippi,rep,Reagan,Base Republican
1984,Missouri,rep,Reagan,Battleground
1984,Montana,rep,Reagan,Base Republican
1984,Nebraska,rep,Reagan,Base Republican
1984,Nevada,rep,Reagan,Base Republican
1984,New Hampshire,rep,Reagan,Base Republican
1984,New Jersey,rep,Reagan,Battleground
1984,New Mexico,rep,Reagan,Base Republican
1984,New York,rep,Reagan,Base Democratic
1984,North Carolina,rep,Reagan,Base Republican
1984,North Dakota,rep,Reagan,Base Republican
1984,Ohio,rep,Reagan,Battleground
1984,Oklahoma,rep,Reagan,Base Republican
1984,Oregon,rep,Reagan,Base Republican
1984,Pennsylvania,rep,Reagan,Battleground
1984,Rhode Island,rep,Reagan,Base Democratic
1984,South Carolina,rep,Reagan,Base Republican
1984,South Dakota,rep,Reagan,Base Republican
1984,Tennessee,rep,Reagan,Base Republican
1984,Texas,rep,Reagan,Base Republican
1984,Utah,rep,Reagan,Base Republican
1984,Vermont,rep,Reagan,Battleground
1984,Virginia,rep,Reagan,Base Republican
1984,Washington,rep,Reagan,Base Republican
1984,West Virginia,rep,Reagan,Base Democratic
1984,Wisconsin,rep,Reagan,Base Democratic
1984,Wyoming,rep,Reagan,Base Republican
1988,Alabama,dem,Dukakis,Base Republican
1988,Alaska,dem,Dukakis,Base Republican
1988,Arizona,dem,Dukakis,Base Republican
1988,Arkansas,dem,Dukakis,Base Republican
1988,California,dem,Dukakis,Battleground
1988,Colorado,dem,Dukakis,Base Republican
1988,Connecticut,dem,Dukakis,Battleground
1988,D. C.,dem,Dukakis,Base Democratic
1988,Delaware,dem,Dukakis,Base Republican
1988,Florida,dem,Dukakis,Base Republican
1988,Georgia,dem,Dukakis,Base Republican
1988,Hawaii,dem,Dukakis,Base Democratic
1988,Idaho,dem,Dukakis,Base Republican
1988,Illinois,dem,Dukakis,Battleground
1988,Indiana,dem,Dukakis,Base Republican
1988,Iowa,dem,Dukakis,Base Democratic
1988,Kansas,dem,Dukakis,Base Republican
1988,Kentucky,dem,Dukakis,Base Republican
1988,Louisiana,dem,Dukakis,Base Republican
1988,Maine,dem,Dukakis,Base Republican
1988,Maryland,dem,Dukakis,Base Democratic
1988,Massachusetts,dem,Dukakis,Base Democratic
1988,Michigan,dem,Dukakis,Battleground
1988,Minnesota,dem,Dukakis,Base Democratic
1988,Mississippi,dem,Dukakis,Base Republican
1988,Missouri,dem,Dukakis,Battleground
1988,Montana,dem,Dukakis,Base Republican
1988,Nebraska,dem,Dukakis,Base Republican
1988,Nevada,dem,Dukakis,Base Republican
1988,New Hampshire,dem,Dukakis,Base Republican
1988,New Jersey,dem,Dukakis,Base Republican
1988,New Mexico,dem,Dukakis,Base Republican
1988,New York,dem,Dukakis,Battleground
1988,North Carolina,dem,Dukakis,Base Republican
1988,North Dakota,dem,Dukakis,Base Republican
1988,Ohio,dem,Dukakis,Battleground
1988,Oklahoma,dem,Dukakis,Base Republican
1988,Oregon,dem,Dukakis,Battleground
1988,Pennsylvania,dem,Dukakis,Battleground
1988,Rhode Island,dem,Dukakis,Base Democratic
1988,South Carolina,dem,Dukakis,Base Republican
1988,South Dakota,dem,Dukakis,Base Republican
1988,Tennessee,dem,Dukakis,Base Republican
1988,Texas,dem,Dukakis,Battleground
1988,Utah,dem,Dukakis,Base Republican
1988,Vermont,dem,Dukakis,Battleground
1988,Virginia,dem,Dukakis,Base Republican
1988,Washington,dem,Dukakis,Battleground
1988,West Virginia,dem,Dukakis,Base Democratic
1988,Wisconsin,dem,Dukakis,Base Republican
1988,Wyoming,dem,Dukakis,Base Republican
1988,Alabama,rep,Bush,Base Republican
1988,Alaska,rep,Bush,Base Republican
1988,Arizona,rep,Bush,Base Republican
1988,Arkansas,rep,Bush,Battleground
1988,California,rep,Bush,Battleground
1988,Colorado,rep,Bush,Battleground
1988,Connecticut,rep,Bush,Battleground
1988,D. C.,rep,Bush,Base Democratic
1988,Delaware,rep,Bush,Base Republican
1988,Florida,rep,Bush,Base Republican
1988,Georgia,rep,Bush,Base Republican
1988,Hawaii,rep,Bush,Base Democratic
1988,Idaho,rep,Bush,Base Republican
1988,Illinois,rep,Bush,Battleground
1988,Indiana,rep,Bush,Base Republican
1988,Iowa,rep,Bush,Base Democratic
1988,Kansas,rep,Bush,Base Republican
1988,Kentucky,rep,Bush,Battleground
1988,Louisiana,rep,Bush,Base Republican
1988,Maine,rep,Bush,Battleground
1988,Maryland,rep,Bush,Base Democratic
1988,Massachusetts,rep,Bush,Base Democratic
1988,Michigan,rep,Bush,Battleground
1988,Minnesota,rep,Bush,Base Democratic
1988,Mississippi,rep,Bush,Base Republican
1988,Missouri,rep,Bush,Battleground
1988,Montana,rep,Bush,Base Republican
1988,Nebraska,rep,Bush,Base Republican
1988,Nevada,rep,Bush,Base Republican
1988,New Hampshire,rep,Bush,Base Republican
1988,New Jersey,rep,Bush,Battleground
1988,New Mexico,rep,Bush,Base Republican
1988,New York,rep,Bush,Base Democratic
1988,North Carolina,rep,Bush,Base Republican
1988,North Dakota,rep,Bush,Base Republican
1988,Ohio,rep,Bush,Battleground
1988,Oklahoma,rep,Bush,Base Republican
1988,Oregon,rep,Bush,Battleground
1988,Pennsylvania,rep,Bush,Battleground
1988,Rhode Island,rep,Bush,Base Democratic
1988,South Carolina,rep,Bush,Base Republican
1988,South Dakota,rep,Bush,Base Republican
1988,Tennessee,rep,Bush,Base Republican
1988,Texas,rep,Bush,Base Republican
1988,Utah,rep,Bush,Base Republican
1988,Vermont,rep,Bush,Base Republican
1988,Virginia,rep,Bush,Base Republican
1988,Washington,rep,Bush,Battleground
1988,West Virginia,rep,Bush,Base Democratic
1988,Wisconsin,rep,Bush,Battleground
1988,Wyoming,rep,Bush,Base Republican
1992,Alabama,dem,Clinton,Base Republican
1992,Alaska,dem,Clinton,Base Republican
1992,Arizona,dem,Clinton,Base Republican
1992,Arkansas,dem,Clinton,Base Democratic
1992,California,dem,Clinton,Base Democratic
1992,Colorado,dem,Clinton,Battleground
1992,Connecticut,dem,Clinton,Base Democratic
1992,D. C.,dem,Clinton,Base Democratic
1992,Delaware,dem,Clinton,Battleground
1992,Florida,dem,Clinton,Base Republican
1992,Georgia,dem,Clinton,Battleground
1992,Hawaii,dem,Clinton,Base Democratic
1992,Idaho,dem,Clinton,Base Republican
1992,Illinois,dem,Clinton,Base Democratic
1992,Indiana,dem,Clinton,Base Republican
1992,Iowa,dem,Clinton,Battleground
1992,Kansas,dem,Clinton,Base Republican
1992,Kentucky,dem,Clinton,Battleground
1992,Louisiana,dem,Clinton,Battleground
1992,Maine,dem,Clinton,Battleground
1992,Maryland,dem,Clinton,Battleground
1992,Massachusetts,dem,Clinton,Base Democratic
1992,Michigan,dem,Clinton,Battleground
1992,Minnesota,dem,Clinton,Base Democratic
1992,Mississippi,dem,Clinton,Base Republican
1992,Missouri,dem,Clinton,Battleground
1992,Montana,dem,Clinton,Battleground
1992,Nebraska,dem,Clinton,Base Republican
1992,Nevada,dem,Clinton,Base Republican
1992,New Hampshire,dem,Clinton,Base Republican
1992,New Jersey,dem,Clinton,Battleground
1992,New Mexico,dem,Clinton,Battleground
1992,New York,dem,Clinton,Base Democratic
1992,North Carolina,dem,Clinton,Battleground
1992,North Dakota,dem,Clinton,Base Republican
1992,Ohio,dem,Clinton,Battleground
1992,Oklahoma,dem,Clinton,Base Republican
1992,Oregon,dem,Clinton,Base Democratic
1992,Pennsylvania,dem,Clinton,Battleground
1992,Rhode Island,dem,Clinton,Base Democratic
1992,South Carolina,dem,Clinton,Base Republican
1992,South Dakota,dem,Clinton,Base Republican
1992,Tennessee,dem,Clinton,Battleground
1992,Texas,dem,Clinton,Base Republican
1992,Utah,dem,Clinton,Base Republican
1992,Vermont,dem,Clinton,Base Democratic
1992,Virginia,dem,Clinton,Base Republican
1992,Washington,dem,Clinton,Base Democratic
1992,West Virginia,dem,Clinton,Base Democratic
1992,Wisconsin,dem,Clinton,Battleground
1992,Wyoming,dem,Clinton,Base Republican
1992,Alabama,rep,Bush,Base Republican
1992,Alaska,rep,Bush,Base Republican
1992,Arizona,rep,Bush,Base Republican
1992,Arkansas,rep,Bush,Base Democratic
1992,California,rep,Bush,Base Democratic
1992,Colorado,rep,Bush,Battleground
1992,Connecticut,rep,Bush,Battleground
1992,D. C.,rep,Bush,Base Democratic
1992,Delaware,rep,Bush,Battleground
1992,Florida,rep,Bush,Battleground
1992,Georgia,rep,Bush,Battleground
1992,Hawaii,rep,Bush,Base Democratic
1992,Idaho,rep,Bush,Base Republican
1992,Illinois,rep,Bush,Base Democratic
1992,Indiana,rep,Bush,Base Republican
1992,Iowa,rep,Bush,Battleground
1992,Kansas,rep,Bush,Base Republican
1992,Kentucky,rep,Bush,Battleground
1992,Louisiana,rep,Bush,Battleground
1992,Maine,rep,Bush,Battleground
1992,Maryland,rep,Bush,Base Democratic
1992,Massachusetts,rep,Bush,Base Democratic
1992,Michigan,rep,Bush,Battleground
1992,Minnesota,rep,Bush,Base Democratic
1992,Mississippi,rep,Bush,Base Republican
1992,Missouri,rep,Bush,Battleground
1992,Montana,rep,Bush,Battleground
1992,Nebraska,rep,Bush,Base Republican
1992,Nevada,rep,Bush,Base Republican
1992,New Hampshire,rep,Bush,Battleground
1992,New Jersey,rep,Bush,Battleground
1992,New Mexico,rep,Bush,Battleground
1992,New York,rep,Bush,Base Democratic
1992,North Carolina,rep,Bush,Battleground
1992,North Dakota,rep,Bush,Base Republican
1992,Ohio,rep,Bush,Battleground
1992,Oklahoma,rep,Bush,Base Republican
1992,Oregon,rep,Bush,Base Democratic
1992,Pennsylvania,rep,Bush,Battleground
1992,Rhode Island,rep,Bush,Base Democratic
1992,South Carolina,rep,Bush,Base Republican
1992,South Dakota,rep,Bush,Battleground
1992,Tennessee,rep,Bush,Battleground
1992,Texas,rep,Bush,Battleground
1992,Utah,rep,Bush,Base Republican
1992,Vermont,rep,Bush,Base Democratic
1992,Virginia,rep,Bush,Base Republican
1992,Washington,rep,Bush,Base Democratic
1992,West Virginia,rep,Bush,Base Democratic
1992,Wisconsin,rep,Bush,Battleground
1992,Wyoming,rep,Bush,Base Republican
1996,Alabama,dem,Clinton,Base Republican
1996,Alaska,dem,Clinton,Base Republican
1996,Arizona,dem,Clinton,Battleground
1996,Arkansas,dem,Clinton,Base Democratic
1996,California,dem,Clinton,Base Democratic
1996,Colorado,dem,Clinton,Battleground
1996,Connecticut,dem,Clinton,Base Democratic
1996,D. C.,dem,Clinton,Base Democratic
1996,Delaware,dem,Clinton,Base Democratic
1996,Florida,dem,Clinton,Battleground
1996,Georgia,dem,Clinton,Battleground
1996,Hawaii,dem,Clinton,Base Democratic
1996,Idaho,dem,Clinton,Base Republican
1996,Illinois,dem,Clinton,Base Democratic
1996,Indiana,dem,Clinton,Base Republican
1996,Iowa,dem,Clinton,Base Democratic
1996,Kansas,dem,Clinton,Base Republican
1996,Kentucky,dem,Clinton,Battleground
1996,Louisiana,dem,Clinton,Battleground
1996,Maine,dem,Clinton,Battleground
1996,Maryland,dem,Clinton,Base Democratic
1996,Massachusetts,dem,Clinton,Base Democratic
1996,Michigan,dem,Clinton,Battleground
1996,Minnesota,dem,Clinton,Base Democratic
1996,Mississippi,dem,Clinton,Base Republican
1996,Missouri,dem,Clinton,Battleground
1996,Montana,dem,Clinton,Base Republican
1996,Nebraska,dem,Clinton,Base Republican
1996,Nevada,dem,Clinton,Battleground
1996,New Hampshire,dem,Clinton,Base Republican
1996,New Jersey,dem,Clinton,Battleground
1996,New Mexico,dem,Clinton,Battleground
1996,New York,dem,Clinton,Base Democratic
1996,North Carolina,dem,Clinton,Battleground
1996,North Dakota,dem,Clinton,Base Republican
1996,Ohio,dem,Clinton,Battleground
1996,Oklahoma,dem,Clinton,Base Republican
1996,Oregon,dem,Clinton,Base Democratic
1996,Pennsylvania,dem,Clinton,Battleground
1996,Rhode Island,dem,Clinton,Base Democratic
1996,South Carolina,dem,Clinton,Base Republican
1996,South Dakota,dem,Clinton,Base Republican
1996,Tennessee,dem,Clinton,Battleground
1996,Texas,dem,Clinton,Base Republican
1996,Utah,dem,Clinton,Base Republican
1996,Vermont,dem,Clinton,Base Democratic
1996,Virginia,dem,Clinton,Base Republican
1996,Washington,dem,Clinton,Base Democratic
1996,West Virginia,dem,Clinton,Base Democratic
1996,Wisconsin,dem,Clinton,Base Democratic
1996,Wyoming,dem,Clinton,Base Republican
1996,Alabama,rep,Dole,Base Republican
1996,Alaska,rep,Dole,Base Republican
1996,Arizona,rep,Dole,Battleground
1996,Arkansas,rep,Dole,Base Democratic
1996,California,rep,Dole,Battleground
1996,Colorado,rep,Dole,Battleground
1996,Connecticut,rep,Dole,Base Democratic
1996,D. C.,rep,Dole,Base Democratic
1996,Delaware,rep,Dole,Base Democratic
1996,Florida,rep,Dole,Battleground
1996,Georgia,rep,Dole,Battleground
1996,Hawaii,rep,Dole,Base Democratic
1996,Idaho,rep,Dole,Base Republican
1996,Illinois,rep,Dole,Battleground
1996,Indiana,rep,Dole,Base Republican
1996,Iowa,rep,Dole,Base Democratic
1996,Kansas,rep,Dole,Base Republican
1996,Kentucky,rep,Dole,Battleground
1996,Louisiana,rep,Dole,Battleground
1996,Maine,rep,Dole,Base Democratic
1996,Maryland,rep,Dole,Base Democratic
1996,Massachusetts,rep,Dole,Base Democratic
1996,Michigan,rep,Dole,Battleground
1996,Minnesota,rep,Dole,Base Democratic
1996,Mississippi,rep,Dole,Base Republican
1996,Missouri,rep,Dole,Battleground
1996,Montana,rep,Dole,Battleground
1996,Nebraska,rep,Dole,Base Republican
1996,Nevada,rep,Dole,Battleground
1996,New Hampshire,rep,Dole,Battleground
1996,New Jersey,rep,Dole,Battleground
1996,New Mexico,rep,Dole,Battleground
1996,New York,rep,Dole,Base Democratic
1996,North Carolina,rep,Dole,Base Republican
1996,North Dakota,rep,Dole,Base Republican
1996,Ohio,rep,Dole,Battleground
1996,Oklahoma,rep,Dole,Base Republican
1996,Oregon,rep,Dole,Base Democratic
1996,Pennsylvania,rep,Dole,Battleground
1996,Rhode Island,rep,Dole,Base Democratic
1996,South Carolina,rep,Dole,Base Republican
1996,South Dakota,rep,Dole,Battleground
1996,Tennessee,rep,Dole,Battleground
1996,Texas,rep,Dole,Base Republican
1996,Utah,rep,Dole,Base Republican
1996,Vermont,rep,Dole,Base Democratic
1996,Virginia,rep,Dole,Base Republican
1996,Washington,rep,Dole,Base Democratic
1996,West Virginia,rep,Dole,Base Democratic
1996,Wisconsin,rep,Dole,Base Democratic
1996,Wyoming,rep,Dole,Base Republican
2000,Alabama,dem,Gore,Base Republican
2000,Alaska,dem,Gore,Base Republican
2000,Arizona,dem,Gore,Battleground
2000,Arkansas,dem,Gore,Battleground
2000,California,dem,Gore,Base Democratic
2000,Colorado,dem,Gore,Base Republican
2000,Connecticut,dem,Gore,Base Democratic
2000,D. C.,dem,Gore,Base Democratic
2000,Delaware,dem,Gore,Battleground
2000,Florida,dem,Gore,Battleground
2000,Georgia,dem,Gore,Base Republican
2000,Hawaii,dem,Gore,Base Democratic
2000,Idaho,dem,Gore,Base Republican
2000,Illinois,dem,Gore,Battleground
2000,Indiana,dem,Gore,Base Republican
2000,Iowa,dem,Gore,Battleground
2000,Kansas,dem,Gore,Base Republican
2000,Kentucky,dem,Gore,Battleground
2000,Louisiana,dem,Gore,Battleground
2000,Maine,dem,Gore,Battleground
2000,Maryland,dem,Gore,Base Democratic
2000,Massachusetts,dem,Gore,Base Democratic
2000,Michigan,dem,Gore,Battleground
2000,Minnesota,dem,Gore,Battleground
2000,Mississippi,dem,Gore,Base Republican
2000,Missouri,dem,Gore,Battleground
2000,Montana,dem,Gore,Base Republican
2000,Nebraska,dem,Gore,Base Republican
2000,Nevada,dem,Gore,Battleground
2000,New Hampshire,dem,Gore,Battleground
2000,New Jersey,dem,Gore,Base Democratic
2000,New Mexico,dem,Gore,Battleground
2000,New York,dem,Gore,Base Democratic
2000,North Carolina,dem,Gore,Base Republican
2000,North Dakota,dem,Gore,Base Republican
2000,Ohio,dem,Gore,Battleground
2000,Oklahoma,dem,Gore,Base Republican
2000,Oregon,dem,Gore,Battleground
2000,Pennsylvania,dem,Gore,Battleground
2000,Rhode Island,dem,Gore,Base Democratic
2000,South Carolina,dem,Gore,Base Republican
2000,South Dakota,dem,Gore,Base Republican
2000,Tennessee,dem,Gore,Battleground
2000,Texas,dem,Gore,Base Republican
2000,Utah,dem,Gore,Base Republican
2000,Vermont,dem,Gore,Base Democratic
2000,Virginia,dem,Gore,Base Republican
2000,Washington,dem,Gore,Battleground
2000,West Virginia,dem,Gore,Battleground
2000,Wisconsin,dem,Gore,Battleground
2000,Wyoming,dem,Gore,Base Republican
2000,Alabama,rep,Bush,Base Republican
2000,Alaska,rep,Bush,Base Republican
2000,Arizona,rep,Bush,Battleground
2000,Arkansas,rep,Bush,Battleground
2000,California,rep,Bush,Base Democratic
2000,Colorado,rep,Bush,Battleground
2000,Connecticut,rep,Bush,Base Democratic
2000,D. C.,rep,Bush,Base Democratic
2000,Delaware,rep,Bush,Base Democratic
2000,Florida,rep,Bush,Battleground
2000,Georgia,rep,Bush,Battleground
2000,Hawaii,rep,Bush,Base Democratic
2000,Idaho,rep,Bush,Base Republican
2000,Illinois,rep,Bush,Battleground
2000,Indiana,rep,Bush,Base Republican
2000,Iowa,rep,Bush,Battleground
2000,Kansas,rep,Bush,Base Republican
2000,Kentucky,rep,Bush,Battleground
2000,Louisiana,rep,Bush,Battleground
2000,Maine,rep,Bush,Battleground
2000,Maryland,rep,Bush,Base Democratic
2000,Massachusetts,rep,Bush,Base Democratic
2000,Michigan,rep,Bush,Battleground
2000,Minnesota,rep,Bush,Battleground
2000,Mississippi,rep,Bush,Base Republican
2000,Missouri,rep,Bush,Battleground
2000,Montana,rep,Bush,Base Republican
2000,Nebraska,rep,Bush,Base Republican
2000,Nevada,rep,Bush,Battleground
2000,New Hampshire,rep,Bush,Battleground
2000,New Jersey,rep,Bush,Battleground
2000,New Mexico,rep,Bush,Battleground
2000,New York,rep,Bush,Base Democratic
2000,North Carolina,rep,Bush,Battleground
2000,North Dakota,rep,Bush,Base Republican
2000,Ohio,rep,Bush,Battleground
2000,Oklahoma,rep,Bush,Base Republican
2000,Oregon,rep,Bush,Battleground
2000,Pennsylvania,rep,Bush,Battleground
2000,Rhode Island,rep,Bush,Base Democratic
2000,South Carolina,rep,Bush,Base Republican
2000,South Dakota,rep,Bush,Base Republican
2000,Tennessee,rep,Bush,Battleground
2000,Texas,rep,Bush,Base Republican
2000,Utah,rep,Bush,Base Republican
2000,Vermont,rep,Bush,Base Democratic
2000,Virginia,rep,Bush,Base Republican
2000,Washington,rep,Bush,Battleground
2000,West Virginia,rep,Bush,Battleground
2000,Wisconsin,rep,Bush,Battleground
2000,Wyoming,rep,Bush,Base Republican
2004,Alabama,dem,Kerry,Base Republican
2004,Alaska,dem,Kerry,Base Republican
2004,Arizona,dem,Kerry,Base Republican
2004,Arkansas,dem,Kerry,Base Republican
2004,California,dem,Kerry,Base Democratic
2004,Colorado,dem,Kerry,Base Republican
2004,Connecticut,dem,Kerry,Base Democratic
2004,D. C.,dem,Kerry,Base Democratic
2004,Delaware,dem,Kerry,Base Democratic
2004,Florida,dem,Kerry,Battleground
2004,Georgia,dem,Kerry,Base Republican
2004,Hawaii,dem,Kerry,Battleground
2004,Idaho,dem,Kerry,Base Republican
2004,Illinois,dem,Kerry,Base Democratic
2004,Indiana,dem,Kerry,Base Republican
2004,Iowa,dem,Kerry,Battleground
2004,Kansas,dem,Kerry,Base Republican
2004,Kentucky,dem,Kerry,Base Republican
2004,Louisiana,dem,Kerry,Base Republican
2004,Maine,dem,Kerry,Base Democratic
2004,Maryland,dem,Kerry,Base Democratic
2004,Massachusetts,dem,Kerry,Base Democratic
2004,Michigan,dem,Kerry,Battleground
2004,Minnesota,dem,Kerry,Battleground
2004,Mississippi,dem,Kerry,Base Republican
2004,Missouri,dem,Kerry,Base Republican
2004,Montana,dem,Kerry,Base Republican
2004,Nebraska,dem,Kerry,Base Republican
2004,Nevada,dem,Kerry,Battleground
2004,New Hampshire,dem,Kerry,Battleground
2004,New Jersey,dem,Kerry,Base Democratic
2004,New Mexico,dem,Kerry,Battleground
2004,New York,dem,Kerry,Base Democratic
2004,North Carolina,dem,Kerry,Base Republican
2004,North Dakota,dem,Kerry,Base Republican
2004,Ohio,dem,Kerry,Battleground
2004,Oklahoma,dem,Kerry,Base Republican
2004,Oregon,dem,Kerry,Battleground
2004,Pennsylvania,dem,Kerry,Battleground
2004,Rhode Island,dem,Kerry,Base Democratic
2004,South Carolina,dem,Kerry,Base Republican
2004,South Dakota,dem,Kerry,Base Republican
2004,Tennessee,dem,Kerry,Base Republican
2004,Texas,dem,Kerry,Base Republican
2004,Utah,dem,Kerry,Base Republican
2004,Vermont,dem,Kerry,Base Democratic
2004,Virginia,dem,Kerry,Base Republican
2004,Washington,dem,Kerry,Base Democratic
2004,West Virginia,dem,Kerry,Base Republican
2004,Wisconsin,dem,Kerry,Battleground
2004,Wyoming,dem,Kerry,Base Republican
2004,Alabama,rep,Bush,Base Republican
2004,Alaska,rep,Bush,Base Republican
2004,Arizona,rep,Bush,Base Republican
2004,Arkansas,rep,Bush,Base Republican
2004,California,rep,Bush,Base Democratic
2004,Colorado,rep,Bush,Base Republican
2004,Connecticut,rep,Bush,Base Democratic
2004,D. C.,rep,Bush,Base Democratic
2004,Delaware,rep,Bush,Base Democratic
2004,Florida,rep,Bush,Battleground
2004,Georgia,rep,Bush,Base Republican
2004,Hawaii,rep,Bush,Base Democratic
2004,Idaho,rep,Bush,Base Republican
2004,Illinois,rep,Bush,Base Democratic
2004,Indiana,rep,Bush,Base Republican
2004,Iowa,rep,Bush,Battleground
2004,Kansas,rep,Bush,Base Republican
2004,Kentucky,rep,Bush,Base Republican
2004,Louisiana,rep,Bush,Base Republican
2004,Maine,rep,Bush,Battleground
2004,Maryland,rep,Bush,Base Democratic
2004,Massachusetts,rep,Bush,Base Democratic
2004,Michigan,rep,Bush,Battleground
2004,Minnesota,rep,Bush,Battleground
2004,Mississippi,rep,Bush,Base Republican
2004,Missouri,rep,Bush,Battleground
2004,Montana,rep,Bush,Base Republican
2004,Nebraska,rep,Bush,Base Republican
2004,Nevada,rep,Bush,Battleground
2004,New Hampshire,rep,Bush,Battleground
2004,New Jersey,rep,Bush,Base Democratic
2004,New Mexico,rep,Bush,Battleground
2004,New York,rep,Bush,Base Democratic
2004,North Carolina,rep,Bush,Base Republican
2004,North Dakota,rep,Bush,Base Republican
2004,Ohio,rep,Bush,Battleground
2004,Oklahoma,rep,Bush,Base Republican
2004,Oregon,rep,Bush,Battleground
2004,Pennsylvania,rep,Bush,Battleground
2004,Rhode Island,rep,Bush,Base Democratic
2004,South Carolina,rep,Bush,Base Republican
2004,South Dakota,rep,Bush,Base Republican
2004,Tennessee,rep,Bush,Base Republican
2004,Texas,rep,Bush,Base Republican
2004,Utah,rep,Bush,Base Republican
2004,Vermont,rep,Bush,Base Democratic
2004,Virginia,rep,Bush,Base Republican
2004,Washington,rep,Bush,Battleground
2004,West Virginia,rep,Bush,Battleground
2004,Wisconsin,rep,Bush,Battleground
2004,Wyoming,rep,Bush,Base Republican
2008,Alabama,dem,Obama,Base Republican
2008,Alaska,dem,Obama,Battleground
2008,Arizona,dem,Obama,Base Republican
2008,Arkansas,dem,Obama,Base Republican
2008,California,dem,Obama,Base Democratic
2008,Colorado,dem,Obama,Battleground
2008,Connecticut,dem,Obama,Base Democratic
2008,D. C.,dem,Obama,Base Democratic
2008,Delaware,dem,Obama,Base Democratic
2008,Florida,dem,Obama,Battleground
2008,Georgia,dem,Obama,Battleground
2008,Hawaii,dem,Obama,Base Democratic
2008,Idaho,dem,Obama,Base Republican
2008,Illinois,dem,Obama,Base Democratic
2008,Indiana,dem,Obama,Battleground
2008,Iowa,dem,Obama,Battleground
2008,Kansas,dem,Obama,Base Republican
2008,Kentucky,dem,Obama,Base Republican
2008,Louisiana,dem,Obama,Base Republican
2008,Maine,dem,Obama,Base Democratic
2008,Maryland,dem,Obama,Base Democratic
2008,Massachusetts,dem,Obama,Base Democratic
2008,Michigan,dem,Obama,Battleground
2008,Minnesota,dem,Obama,Base Democratic
2008,Mississippi,dem,Obama,Base Republican
2008,Missouri,dem,Obama,Battleground
2008,Montana,dem,Obama,Battleground
2008,Nebraska,dem,Obama,Base Republican
2008,Nevada,dem,Obama,Battleground
2008,New Hampshire,dem,Obama,Battleground
2008,New Jersey,dem,Obama,Base Democratic
2008,New Mexico,dem,Obama,Battleground
2008,New York,dem,Obama,Base Democratic
2008,North Carolina,dem,Obama,Battleground
2008,North Dakota,dem,Obama,Battleground
2008,Ohio,dem,Obama,Battleground
2008,Oklahoma,dem,Obama,Base Republican
2008,Oregon,dem,Obama,Base Democratic
2008,Pennsylvania,dem,Obama,Battleground
2008,Rhode Island,dem,Obama,Base Democratic
2008,South Carolina,dem,Obama,Base Republican
2008,South Dakota,dem,Obama,Base Republican
2008,Tennessee,dem,Obama,Base Republican
2008,Texas,dem,Obama,Base Republican
2008,Utah,dem,Obama,Base Republican
2008,Vermont,dem,Obama,Base Democratic
2008,Virginia,dem,Obama,Battleground
2008,Washington,dem,Obama,Base Democratic
2008,West Virginia,dem,Obama,Base Republican
2008,Wisconsin,dem,Obama,Battleground
2008,Wyoming,dem,Obama,Base Republican
2008,Alabama,rep,McCain,Base Republican
2008,Alaska,rep,McCain,Base Republican
2008,Arizona,rep,McCain,Base Republican
2008,Arkansas,rep,McCain,Base Republican
2008,California,rep,McCain,Base Democratic
2008,Colorado,rep,McCain,Battleground
2008,Connecticut,rep,McCain,Base Democratic
2008,D. C.,rep,McCain,Base Democratic
2008,Delaware,rep,McCain,Base Democratic
2008,Florida,rep,McCain,Battleground
2008,Georgia,rep,McCain,Base Republican
2008,Hawaii,rep,McCain,Base Democratic
2008,Idaho,rep,McCain,Base Republican
2008,Illinois,rep,McCain,Base Democratic
2008,Indiana,rep,McCain,Battleground
2008,Iowa,rep,McCain,Battleground
2008,Kansas,rep,McCain,Base Republican
2008,Kentucky,rep,McCain,Base Republican
2008,Louisiana,rep,McCain,Base Republican
2008,Maine,rep,McCain,Base Democratic
2008,Maryland,rep,McCain,Base Democratic
2008,Massachusetts,rep,McCain,Base Democratic
2008,Michigan,rep,McCain,Battleground
2008,Minnesota,rep,McCain,Base Democratic
2008,Mississippi,rep,McCain,Base Republican
2008,Missouri,rep,McCain,Battleground
2008,Montana,rep,McCain,Battleground
2008,Nebraska,rep,McCain,Base Republican
2008,Nevada,rep,McCain,Battleground
2008,New Hampshire,rep,McCain,Battleground
2008,New Jersey,rep,McCain,Base Democratic
2008,New Mexico,rep,McCain,Battleground
2008,New York,rep,McCain,Base Democratic
2008,North Carolina,rep,McCain,Battleground
2008,North Dakota,rep,McCain,Base Republican
2008,Ohio,rep,McCain,Battleground
2008,Oklahoma,rep,McCain,Base Republican
2008,Oregon,rep,McCain,Base Democratic
2008,Pennsylvania,rep,McCain,Battleground
2008,Rhode Island,rep,McCain,Base Democratic
2008,South Carolina,rep,McCain,Base Republican
2008,South Dakota,rep,McCain,Base Republican
2008,Tennessee,rep,McCain,Base Republican
2008,Texas,rep,McCain,Base Republican
2008,Utah,rep,McCain,Base Republican
2008,Vermont,rep,McCain,Base Democratic
2008,Virginia,rep,McCain,Battleground
2008,Washington,rep,McCain,Base Democratic
2008,West Virginia,rep,McCain,Base Republican
2008,Wisconsin,rep,McCain,Battleground
2008,Wyoming,rep,McCain,Base Republican
2012,Alabama,dem,Obama,Base Republican
2012,Alaska,dem,Obama,Base Republican
2012,Arizona,dem,Obama,Base Republican
2012,Arkansas,dem,Obama,Base Republican
2012,California,dem,Obama,Base Democratic
2012,Colorado,dem,Obama,Battleground
2012,Connecticut,dem,Obama,Base Democratic
2012,D. C.,dem,Obama,Base Democratic
2012,Delaware,dem,Obama,Base Democratic
2012,Florida,dem,Obama,Battleground
2012,Georgia,dem,Obama,Base Republican
2012,Hawaii,dem,Obama,Base Democratic
2012,Idaho,dem,Obama,Base Republican
2012,Illinois,dem,Obama,Base Democratic
2012,Indiana,dem,Obama,Battleground
2012,Iowa,dem,Obama,Battleground
2012,Kansas,dem,Obama,Base Republican
2012,Kentucky,dem,Obama,Base Republican
2012,Louisiana,dem,Obama,Base Republican
2012,Maine,dem,Obama,Base Democratic
2012,Maryland,dem,Obama,Base Democratic
2012,Massachusetts,dem,Obama,Base Democratic
2012,Michigan,dem,Obama,Base Democratic
2012,Minnesota,dem,Obama,Battleground
2012,Mississippi,dem,Obama,Base Republican
2012,Missouri,dem,Obama,Base Republican
2012,Montana,dem,Obama,Base Republican
2012,Nebraska,dem,Obama,Base Republican
2012,Nevada,dem,Obama,Battleground
2012,New Hampshire,dem,Obama,Battleground
2012,New Jersey,dem,Obama,Base Democratic
2012,New Mexico,dem,Obama,Base Democratic
2012,New York,dem,Obama,Base Democratic
2012,North Carolina,dem,Obama,Battleground
2012,North Dakota,dem,Obama,Base Republican
2012,Ohio,dem,Obama,Battleground
2012,Oklahoma,dem,Obama,Base Republican
2012,Oregon,dem,Obama,Base Democratic
2012,Pennsylvania,dem,Obama,Battleground
2012,Rhode Island,dem,Obama,Base Democratic
2012,South Carolina,dem,Obama,Base Republican
2012,South Dakota,dem,Obama,Base Republican
2012,Tennessee,dem,Obama,Base Republican
2012,Texas,dem,Obama,Base Republican
2012,Utah,dem,Obama,Base Republican
2012,Vermont,dem,Obama,Base Democratic
2012,Virginia,dem,Obama,Battleground
2012,Washington,dem,Obama,Base Democratic
2012,West Virginia,dem,Obama,Base Republican
2012,Wisconsin,dem,Obama,Battleground
2012,Wyoming,dem,Obama,Base Republican
2012,Alabama,rep,Romney,Base Republican
2012,Alaska,rep,Romney,Base Republican
2012,Arizona,rep,Romney,Base Republican
2012,Arkansas,rep,Romney,Base Republican
2012,California,rep,Romney,Base Democratic
2012,Colorado,rep,Romney,Battleground
2012,Connecticut,rep,Romney,Base Democratic
2012,D. C.,rep,Romney,Base Democratic
2012,Delaware,rep,Romney,Base Democratic
2012,Florida,rep,Romney,Battleground
2012,Georgia,rep,Romney,Base Republican
2012,Hawaii,rep,Romney,Base Democratic
2012,Idaho,rep,Romney,Base Republican
2012,Illinois,rep,Romney,Base Democratic
2012,Indiana,rep,Romney,Battleground
2012,Iowa,rep,Romney,Battleground
2012,Kansas,rep,Romney,Base Republican
2012,Kentucky,rep,Romney,Base Republican
2012,Louisiana,rep,Romney,Base Republican
2012,Maine,rep,Romney,Base Democratic
2012,Maryland,rep,Romney,Base Democratic
2012,Massachusetts,rep,Romney,Base Democratic
2012,Michigan,rep,Romney,Battleground
2012,Minnesota,rep,Romney,Battleground
2012,Mississippi,rep,Romney,Base Republican
2012,Missouri,rep,Romney,Base Republican
2012,Montana,rep,Romney,Base Republican
2012,Nebraska,rep,Romney,Base Republican
2012,Nevada,rep,Romney,Battleground
2012,New Hampshire,rep,Romney,Battleground
2012,New Jersey,rep,Romney,Base Democratic
2012,New Mexico,rep,Romney,Base Democratic
2012,New York,rep,Romney,Base Democratic
2012,North Carolina,rep,Romney,Battleground
2012,North Dakota,rep,Romney,Base Republican
2012,Ohio,rep,Romney,Battleground
2012,Oklahoma,rep,Romney,Base Republican
2012,Oregon,rep,Romney,Base Democratic
2012,Pennsylvania,rep,Romney,Battleground
2012,Rhode Island,rep,Romney,Base Democratic
2012,South Carolina,rep,Romney,Base Republican
2012,South Dakota,rep,Romney,Base Republican
2012,Tennessee,rep,Romney,Base Republican
2012,Texas,rep,Romney,Base Republican
2012,Utah,rep,Romney,Base Republican
2012,Vermont,rep,Romney,Base Democratic
2012,Virginia,rep,Romney,Battleground
2012,Washington,rep,Romney,Base Democratic
2012,West Virginia,rep,Romney,Base Republican
2012,Wisconsin,rep,Romney,Battleground
2012,Wyoming,rep,Romney,Base Republican
2016,Alabama,dem,Clinton,Base Republican
2016,Alaska,dem,Clinton,Base Republican
2016,Arizona,dem,Clinton,Base Republican
2016,Arkansas,dem,Clinton,Base Republican
2016,California,dem,Clinton,Base Democratic
2016,Colorado,dem,Clinton,Base Democratic
2016,Connecticut,dem,Clinton,Base Democratic
2016,D. C.,dem,Clinton,Base Democratic
2016,Delaware,dem,Clinton,Base Democratic
2016,Florida,dem,Clinton,Battleground
2016,Georgia,dem,Clinton,Base Republican
2016,Hawaii,dem,Clinton,Base Democratic
2016,Idaho,dem,Clinton,Base Republican
2016,Illinois,dem,Clinton,Base Democratic
2016,Indiana,dem,Clinton,Base Republican
2016,Iowa,dem,Clinton,Base Republican
2016,Kansas,dem,Clinton,Base Republican
2016,Kentucky,dem,Clinton,Base Republican
2016,Louisiana,dem,Clinton,Base Republican
2016,Maine,dem,Clinton,Base Democratic
2016,Maryland,dem,Clinton,Base Democratic
2016,Massachusetts,dem,Clinton,Base Democratic
2016,Michigan,dem,Clinton,Base Democratic
2016,Minnesota,dem,Clinton,Base Democratic
2016,Mississippi,dem,Clinton,Base Republican
2016,Missouri,dem,Clinton,Base Republican
2016,Montana,dem,Clinton,Base Republican
2016,Nebraska,dem,Clinton,Base Republican
2016,Nevada,dem,Clinton,Battleground
2016,New Hampshire,dem,Clinton,Battleground
2016,New Jersey,dem,Clinton,Base Democratic
2016,New Mexico,dem,Clinton,Base Democratic
2016,New York,dem,Clinton,Base Democratic
2016,North Carolina,dem,Clinton,Battleground
2016,North Dakota,dem,Clinton,Base Republican
2016,Ohio,dem,Clinton,Battleground
2016,Oklahoma,dem,Clinton,Base Republican
2016,Oregon,dem,Clinton,Base Democratic
2016,Pennsylvania,dem,Clinton,Battleground
2016,Rhode Island,dem,Clinton,Base Democratic
2016,South Carolina,dem,Clinton,Base Republican
2016,South Dakota,dem,Clinton,Base Republican
2016,Tennessee,dem,Clinton,Base Republican
2016,Texas,dem,Clinton,Base Republican
2016,Utah,dem,Clinton,Base Republican
2016,Vermont,dem,Clinton,Base Democratic
2016,Virginia,dem,Clinton,Base Democratic
2016,Washington,dem,Clinton,Base Democratic
2016,West Virginia,dem,Clinton,Base Republican
2016,Wisconsin,dem,Clinton,Base Democratic
2016,Wyoming,dem,Clinton,Base Republican
2016,Alabama,rep,Trump,Base Republican
2016,Alaska,rep,Trump,Base Republican
2016,Arizona,rep,Trump,Base Republican
2016,Arkansas,rep,Trump,Base Republican
2016,California,rep,Trump,Base Democratic
2016,Colorado,rep,Trump,Battleground
2016,Connecticut,rep,Trump,Base Democratic
2016,D. C.,rep,Trump,Base Democratic
2016,Delaware,rep,Trump,Base Democratic
2016,Florida,rep,Trump,Battleground
2016,Georgia,rep,Trump,Base Republican
2016,Hawaii,rep,Trump,Base Democratic
2016,Idaho,rep,Trump,Base Republican
2016,Illinois,rep,Trump,Base Democratic
2016,Indiana,rep,Trump,Base Republican
2016,Iowa,rep,Trump,Battleground
2016,Kansas,rep,Trump,Base Republican
2016,Kentucky,rep,Trump,Base Republican
2016,Louisiana,rep,Trump,Base Republican
2016,Maine,rep,Trump,Battleground
2016,Maryland,rep,Trump,Base Democratic
2016,Massachusetts,rep,Trump,Base Democratic
2016,Michigan,rep,Trump,Battleground
2016,Minnesota,rep,Trump,Base Democratic
2016,Mississippi,rep,Trump,Base Republican
2016,Missouri,rep,Trump,Base Republican
2016,Montana,rep,Trump,Base Republican
2016,Nebraska,rep,Trump,Base Republican
2016,Nevada,rep,Trump,Battleground
2016,New Hampshire,rep,Trump,Battleground
2016,New Jersey,rep,Trump,Base Democratic
2016,New Mexico,rep,Trump,Base Democratic
2016,New York,rep,Trump,Base Democratic
2016,North Carolina,rep,Trump,Battleground
2016,North Dakota,rep,Trump,Base Republican
2016,Ohio,rep,Trump,Battleground
2016,Oklahoma,rep,Trump,Base Republican
2016,Oregon,rep,Trump,Base Democratic
2016,Pennsylvania,rep,Trump,Battleground
2016,Rhode Island,rep,Trump,Base Democratic
2016,South Carolina,rep,Trump,Base Republican
2016,South Dakota,rep,Trump,Base Republican
2016,Tennessee,rep,Trump,Base Republican
2016,Texas,rep,Trump,Base Republican
2016,Utah,rep,Trump,Base Republican
2016,Vermont,rep,Trump,Base Democratic
2016,Virginia,rep,Trump,Battleground
2016,Washington,rep,Trump,Base Democratic
2016,West Virginia,rep,Trump,Base Republican
2016,Wisconsin,rep,Trump,Battleground
2016,Wyoming,rep,Trump,Base Republican